country,Indicator Name,2000,2001,2002,2003,2004,2005,2006,2007,2008,2009,2010,2011,2012,2013,2014,2015,2016,2017,2018,2019,2020,,,,,,,,,,,,,,,,,,,,,,,,,,,,,,,,,,,,,,,,,,,2021,2022,2023
Aruba,maternal_mortality_ratio,,,,,,,,,,,,,,,,,,,,,,,,,,,,,,,,,,,,,,,,,,,,,,,,,,,,,,,,,,,,,,,,,,
Africa Eastern and Southern,maternal_mortality_ratio,697,684,670,640,617,598,572,560,551,529,507,485,458,442,425,410,392,381,364,354,347,,,,,,,,,,,,,,,,,,,,,,,,,,,,,,,,,,,,,,,,,,,,,
Afghanistan,maternal_mortality_ratio,1346,1273,1277,1196,1115,1103,1044,1023,962,913,899,884,833,821,785,776,750,682,663,644,620,,,,,,,,,,,,,,,,,,,,,,,,,,,,,,,,,,,,,,,,,,,,,
Africa Western and Central,maternal_mortality_ratio,925,907,892,869,859,844,836,834,837,837,839,806,805,808,811,788,787,780,779,764,733,,,,,,,,,,,,,,,,,,,,,,,,,,,,,,,,,,,,,,,,,,,,,
Angola,maternal_mortality_ratio,860,800,758,676,594,550,508,463,438,399,367,335,304,291,292,274,270,253,233,228,222,,,,,,,,,,,,,,,,,,,,,,,,,,,,,,,,,,,,,,,,,,,,,
Albania,maternal_mortality_ratio,14,13,12,12,11,11,11,10,10,9,9,8,8,7,7,7,7,7,5,5,8,,,,,,,,,,,,,,,,,,,,,,,,,,,,,,,,,,,,,,,,,,,,,
Andorra,maternal_mortality_ratio,,,,,,,,,,,,,,,,,,,,,,,,,,,,,,,,,,,,,,,,,,,,,,,,,,,,,,,,,,,,,,,,,,
Arab World,maternal_mortality_ratio,240,237,232,226,219,211,204,192,188,173,169,161,151,146,140,141,139,136,134,134,132,,,,,,,,,,,,,,,,,,,,,,,,,,,,,,,,,,,,,,,,,,,,,
United Arab Emirates,maternal_mortality_ratio,22,19,18,13,13,13,12,11,10,9,9,10,9,9,9,9,8,9,9,9,9,,,,,,,,,,,,,,,,,,,,,,,,,,,,,,,,,,,,,,,,,,,,,
Argentina,maternal_mortality_ratio,72,72,71,79,73,63,61,63,59,57,55,50,45,43,42,39,40,38,34,33,45,,,,,,,,,,,,,,,,,,,,,,,,,,,,,,,,,,,,,,,,,,,,,
Armenia,maternal_mortality_ratio,50,50,48,43,42,38,40,36,34,33,33,31,29,27,28,25,24,25,25,25,27,,,,,,,,,,,,,,,,,,,,,,,,,,,,,,,,,,,,,,,,,,,,,
American Samoa,maternal_mortality_ratio,,,,,,,,,,,,,,,,,,,,,,,,,,,,,,,,,,,,,,,,,,,,,,,,,,,,,,,,,,,,,,,,,,
Antigua and Barbuda,maternal_mortality_ratio,51,47,41,44,43,34,35,34,39,37,31,31,30,29,23,27,21,21,19,19,21,,,,,,,,,,,,,,,,,,,,,,,,,,,,,,,,,,,,,,,,,,,,,
Australia,maternal_mortality_ratio,7,6,6,6,5,5,5,5,5,5,5,6,6,6,5,5,5,5,4,5,3,,,,,,,,,,,,,,,,,,,,,,,,,,,,,,,,,,,,,,,,,,,,,
Austria,maternal_mortality_ratio,6,6,6,6,5,6,6,6,6,6,6,6,6,6,6,6,5,5,6,5,5,,,,,,,,,,,,,,,,,,,,,,,,,,,,,,,,,,,,,,,,,,,,,
Azerbaijan,maternal_mortality_ratio,56,55,54,51,47,44,39,34,33,33,33,31,29,28,29,29,26,27,28,27,41,,,,,,,,,,,,,,,,,,,,,,,,,,,,,,,,,,,,,,,,,,,,,
Burundi,maternal_mortality_ratio,874,823,779,779,740,713,696,676,630,618,608,575,564,555,527,514,508,499,518,479,494,,,,,,,,,,,,,,,,,,,,,,,,,,,,,,,,,,,,,,,,,,,,,
Belgium,maternal_mortality_ratio,8,8,8,7,7,7,6,7,6,6,6,6,5,6,5,5,5,5,5,5,5,,,,,,,,,,,,,,,,,,,,,,,,,,,,,,,,,,,,,,,,,,,,,
Benin,maternal_mortality_ratio,469,483,505,505,520,509,503,488,504,584,598,615,625,608,612,591,590,569,542,522,523,,,,,,,,,,,,,,,,,,,,,,,,,,,,,,,,,,,,,,,,,,,,,
Burkina Faso,maternal_mortality_ratio,506,500,497,457,438,417,406,400,375,368,357,340,321,324,313,295,293,283,277,283,264,,,,,,,,,,,,,,,,,,,,,,,,,,,,,,,,,,,,,,,,,,,,,
Bangladesh,maternal_mortality_ratio,441,437,414,404,372,376,353,377,368,338,301,301,237,219,219,212,196,183,172,157,123,,,,,,,,,,,,,,,,,,,,,,,,,,,,,,,,,,,,,,,,,,,,,
Bulgaria,maternal_mortality_ratio,22,21,19,17,15,14,12,10,9,10,10,8,8,7,7,8,7,7,7,7,7,,,,,,,,,,,,,,,,,,,,,,,,,,,,,,,,,,,,,,,,,,,,,
Bahrain,maternal_mortality_ratio,24,23,25,25,22,21,21,18,18,18,20,19,18,16,15,16,15,15,14,15,16,,,,,,,,,,,,,,,,,,,,,,,,,,,,,,,,,,,,,,,,,,,,,
"Bahamas, The",maternal_mortality_ratio,61,63,66,69,72,74,79,86,86,89,79,101,101,82,97,84,79,77,77,82,77,,,,,,,,,,,,,,,,,,,,,,,,,,,,,,,,,,,,,,,,,,,,,
Bosnia and Herzegovina,maternal_mortality_ratio,16,14,15,12,11,11,10,9,8,8,8,8,7,8,8,7,6,6,6,5,6,,,,,,,,,,,,,,,,,,,,,,,,,,,,,,,,,,,,,,,,,,,,,
Belarus,maternal_mortality_ratio,24,23,17,14,11,11,8,6,4,3,3,3,2,2,1,1,1,1,1,1,1,,,,,,,,,,,,,,,,,,,,,,,,,,,,,,,,,,,,,,,,,,,,,
Belize,maternal_mortality_ratio,86,86,76,78,80,72,64,56,46,39,33,33,28,32,38,49,59,72,78,86,130,,,,,,,,,,,,,,,,,,,,,,,,,,,,,,,,,,,,,,,,,,,,,
Bermuda,maternal_mortality_ratio,,,,,,,,,,,,,,,,,,,,,,,,,,,,,,,,,,,,,,,,,,,,,,,,,,,,,,,,,,,,,,,,,,
Bolivia,maternal_mortality_ratio,284,261,253,251,236,230,218,220,211,187,184,178,179,175,163,165,161,164,171,176,161,,,,,,,,,,,,,,,,,,,,,,,,,,,,,,,,,,,,,,,,,,,,,
Brazil,maternal_mortality_ratio,68,68,72,69,70,70,71,72,70,68,64,62,57,61,62,62,63,60,59,61,72,,,,,,,,,,,,,,,,,,,,,,,,,,,,,,,,,,,,,,,,,,,,,
Barbados,maternal_mortality_ratio,48,49,47,45,43,43,42,40,54,53,53,53,52,51,49,49,48,47,47,47,39,,,,,,,,,,,,,,,,,,,,,,,,,,,,,,,,,,,,,,,,,,,,,
Brunei Darussalam,maternal_mortality_ratio,50,50,51,46,46,46,46,48,48,42,42,42,43,43,44,45,45,45,45,45,44,,,,,,,,,,,,,,,,,,,,,,,,,,,,,,,,,,,,,,,,,,,,,
Bhutan,maternal_mortality_ratio,305,257,256,222,197,186,183,153,141,129,117,94,92,84,78,74,66,68,57,62,60,,,,,,,,,,,,,,,,,,,,,,,,,,,,,,,,,,,,,,,,,,,,,
Botswana,maternal_mortality_ratio,182,184,174,184,196,201,213,216,222,185,156,226,260,142,179,184,134,108,162,118,186,,,,,,,,,,,,,,,,,,,,,,,,,,,,,,,,,,,,,,,,,,,,,
Central African Republic,maternal_mortality_ratio,1315,1284,1281,1248,1217,1158,1116,1124,1108,1105,1052,1029,963,963,939,909,877,904,868,847,835,,,,,,,,,,,,,,,,,,,,,,,,,,,,,,,,,,,,,,,,,,,,,
Canada,maternal_mortality_ratio,9,10,10,11,11,11,11,11,13,13,12,12,12,11,12,12,13,13,11,11,11,,,,,,,,,,,,,,,,,,,,,,,,,,,,,,,,,,,,,,,,,,,,,
Central Europe and the Baltics,maternal_mortality_ratio,20,19,18,18,17,14,12,11,10,10,9,8,8,8,7,7,7,7,6,6,6,,,,,,,,,,,,,,,,,,,,,,,,,,,,,,,,,,,,,,,,,,,,,
Switzerland,maternal_mortality_ratio,8,9,9,9,9,9,9,8,8,8,8,8,7,7,7,6,8,6,7,7,7,,,,,,,,,,,,,,,,,,,,,,,,,,,,,,,,,,,,,,,,,,,,,
Channel Islands,maternal_mortality_ratio,,,,,,,,,,,,,,,,,,,,,,,,,,,,,,,,,,,,,,,,,,,,,,,,,,,,,,,,,,,,,,,,,,
Chile,maternal_mortality_ratio,33,34,32,32,29,27,29,28,26,24,23,20,19,18,16,16,15,15,15,15,15,,,,,,,,,,,,,,,,,,,,,,,,,,,,,,,,,,,,,,,,,,,,,
China,maternal_mortality_ratio,58,55,54,43,49,46,43,39,38,34,33,32,28,28,26,26,23,22,20,20,23,,,,,,,,,,,,,,,,,,,,,,,,,,,,,,,,,,,,,,,,,,,,,
Cote d'Ivoire,maternal_mortality_ratio,473,495,520,539,536,540,583,589,589,619,604,591,597,579,550,530,537,512,522,483,480,,,,,,,,,,,,,,,,,,,,,,,,,,,,,,,,,,,,,,,,,,,,,
Cameroon,maternal_mortality_ratio,651,629,611,574,556,573,558,529,532,534,527,519,487,491,478,447,437,443,424,440,438,,,,,,,,,,,,,,,,,,,,,,,,,,,,,,,,,,,,,,,,,,,,,
"Congo, Dem. Rep.",maternal_mortality_ratio,668,661,662,655,643,635,619,629,621,603,601,585,595,585,573,578,562,570,543,541,547,,,,,,,,,,,,,,,,,,,,,,,,,,,,,,,,,,,,,,,,,,,,,
"Congo, Rep.",maternal_mortality_ratio,660,641,620,587,541,488,479,439,415,415,389,387,402,362,375,360,353,366,370,292,282,,,,,,,,,,,,,,,,,,,,,,,,,,,,,,,,,,,,,,,,,,,,,
Colombia,maternal_mortality_ratio,93,94,93,83,82,82,82,83,73,71,71,71,71,70,70,70,70,71,63,65,75,,,,,,,,,,,,,,,,,,,,,,,,,,,,,,,,,,,,,,,,,,,,,
Comoros,maternal_mortality_ratio,456,435,392,385,374,360,365,358,361,311,316,293,297,285,292,261,255,241,244,237,217,,,,,,,,,,,,,,,,,,,,,,,,,,,,,,,,,,,,,,,,,,,,,
Cabo Verde,maternal_mortality_ratio,125,103,96,82,74,77,73,66,69,58,54,50,54,42,42,47,42,40,48,42,42,,,,,,,,,,,,,,,,,,,,,,,,,,,,,,,,,,,,,,,,,,,,,
Costa Rica,maternal_mortality_ratio,39,37,36,37,32,31,29,28,27,26,27,24,24,23,24,20,19,19,18,19,22,,,,,,,,,,,,,,,,,,,,,,,,,,,,,,,,,,,,,,,,,,,,,
Caribbean small states,maternal_mortality_ratio,114,113,107,107,102,99,102,98,96,91,86,82,81,82,87,84,81,82,78,79,84,,,,,,,,,,,,,,,,,,,,,,,,,,,,,,,,,,,,,,,,,,,,,
Cuba,maternal_mortality_ratio,47,47,45,39,41,43,46,45,42,40,41,40,41,41,41,39,41,40,39,40,39,,,,,,,,,,,,,,,,,,,,,,,,,,,,,,,,,,,,,,,,,,,,,
Curacao,maternal_mortality_ratio,,,,,,,,,,,,,,,,,,,,,,,,,,,,,,,,,,,,,,,,,,,,,,,,,,,,,,,,,,,,,,,,,,
Cayman Islands,maternal_mortality_ratio,,,,,,,,,,,,,,,,,,,,,,,,,,,,,,,,,,,,,,,,,,,,,,,,,,,,,,,,,,,,,,,,,,
Cyprus,maternal_mortality_ratio,33,33,34,31,32,27,31,26,27,30,27,31,32,36,39,42,42,49,59,64,68,,,,,,,,,,,,,,,,,,,,,,,,,,,,,,,,,,,,,,,,,,,,,
Czechia,maternal_mortality_ratio,8,8,7,6,6,5,5,5,5,5,4,4,4,3,3,4,3,3,3,3,3,,,,,,,,,,,,,,,,,,,,,,,,,,,,,,,,,,,,,,,,,,,,,
Germany,maternal_mortality_ratio,7,7,7,7,7,7,5,6,6,7,6,6,5,5,5,5,5,5,5,4,4,,,,,,,,,,,,,,,,,,,,,,,,,,,,,,,,,,,,,,,,,,,,,
Djibouti,maternal_mortality_ratio,512,487,454,440,394,368,322,325,322,294,274,269,257,246,236,244,251,247,257,244,234,,,,,,,,,,,,,,,,,,,,,,,,,,,,,,,,,,,,,,,,,,,,,
Dominica,maternal_mortality_ratio,,,,,,,,,,,,,,,,,,,,,,,,,,,,,,,,,,,,,,,,,,,,,,,,,,,,,,,,,,,,,,,,,,
Denmark,maternal_mortality_ratio,8,8,8,8,7,7,7,7,7,7,7,7,6,5,5,6,5,5,5,5,5,,,,,,,,,,,,,,,,,,,,,,,,,,,,,,,,,,,,,,,,,,,,,
Dominican Republic,maternal_mortality_ratio,79,69,70,75,81,87,85,89,92,93,92,93,91,93,96,99,102,104,109,103,107,,,,,,,,,,,,,,,,,,,,,,,,,,,,,,,,,,,,,,,,,,,,,
Algeria,maternal_mortality_ratio,159,156,150,153,137,144,134,125,117,115,112,105,99,94,86,89,89,89,79,77,78,,,,,,,,,,,,,,,,,,,,,,,,,,,,,,,,,,,,,,,,,,,,,
East Asia & Pacific (excluding high income),maternal_mortality_ratio,128,123,121,110,115,110,105,101,97,90,86,88,78,76,71,72,69,67,68,65,71,,,,,,,,,,,,,,,,,,,,,,,,,,,,,,,,,,,,,,,,,,,,,
Early-demographic dividend,maternal_mortality_ratio,338,330,308,295,286,273,247,238,227,216,197,189,176,166,155,147,141,138,133,131,122,,,,,,,,,,,,,,,,,,,,,,,,,,,,,,,,,,,,,,,,,,,,,
East Asia & Pacific,maternal_mortality_ratio,121,117,115,105,110,106,100,96,94,87,84,86,77,75,71,73,70,69,70,68,74,,,,,,,,,,,,,,,,,,,,,,,,,,,,,,,,,,,,,,,,,,,,,
Europe & Central Asia (excluding high income),maternal_mortality_ratio,43,39,39,36,33,31,29,27,24,24,23,21,20,19,17,17,16,16,16,16,19,,,,,,,,,,,,,,,,,,,,,,,,,,,,,,,,,,,,,,,,,,,,,
Europe & Central Asia,maternal_mortality_ratio,27,25,25,23,21,20,19,18,17,16,16,15,14,13,13,13,12,12,12,12,13,,,,,,,,,,,,,,,,,,,,,,,,,,,,,,,,,,,,,,,,,,,,,
Ecuador,maternal_mortality_ratio,120,116,111,98,94,92,90,88,88,86,76,73,72,72,65,66,70,69,71,74,66,,,,,,,,,,,,,,,,,,,,,,,,,,,,,,,,,,,,,,,,,,,,,
"Egypt, Arab Rep.",maternal_mortality_ratio,79,76,73,66,63,58,53,48,44,40,38,34,31,28,25,24,21,20,19,18,17,,,,,,,,,,,,,,,,,,,,,,,,,,,,,,,,,,,,,,,,,,,,,
Euro area,maternal_mortality_ratio,9,9,8,8,8,8,7,7,7,7,7,7,7,7,6,6,6,6,6,6,6,,,,,,,,,,,,,,,,,,,,,,,,,,,,,,,,,,,,,,,,,,,,,
Eritrea,maternal_mortality_ratio,735,654,643,619,575,546,522,521,529,481,480,454,422,420,398,399,389,359,338,332,322,,,,,,,,,,,,,,,,,,,,,,,,,,,,,,,,,,,,,,,,,,,,,
Spain,maternal_mortality_ratio,5,5,5,5,5,4,4,4,4,4,4,4,4,4,4,4,4,4,4,3,3,,,,,,,,,,,,,,,,,,,,,,,,,,,,,,,,,,,,,,,,,,,,,
Estonia,maternal_mortality_ratio,25,22,20,19,15,13,11,11,10,9,8,8,8,7,7,6,6,6,5,5,5,,,,,,,,,,,,,,,,,,,,,,,,,,,,,,,,,,,,,,,,,,,,,
Ethiopia,maternal_mortality_ratio,953,955,960,906,900,880,814,780,725,684,635,603,543,498,447,399,356,348,312,294,267,,,,,,,,,,,,,,,,,,,,,,,,,,,,,,,,,,,,,,,,,,,,,
European Union,maternal_mortality_ratio,11,11,10,10,10,9,8,8,8,8,7,7,7,7,6,6,6,6,6,6,6,,,,,,,,,,,,,,,,,,,,,,,,,,,,,,,,,,,,,,,,,,,,,
Fragile and conflict affected situations,maternal_mortality_ratio,780,768,756,732,721,708,691,685,674,660,654,630,621,617,610,596,591,583,574,565,543,,,,,,,,,,,,,,,,,,,,,,,,,,,,,,,,,,,,,,,,,,,,,
Finland,maternal_mortality_ratio,7,7,7,7,7,8,7,7,7,7,7,7,7,7,7,7,8,7,8,9,8,,,,,,,,,,,,,,,,,,,,,,,,,,,,,,,,,,,,,,,,,,,,,
Fiji,maternal_mortality_ratio,49,47,49,48,46,45,44,44,43,42,42,39,39,39,38,39,40,37,37,38,38,,,,,,,,,,,,,,,,,,,,,,,,,,,,,,,,,,,,,,,,,,,,,
France,maternal_mortality_ratio,9,9,9,9,9,9,10,8,10,10,9,9,9,9,9,8,8,8,8,8,8,,,,,,,,,,,,,,,,,,,,,,,,,,,,,,,,,,,,,,,,,,,,,
Faroe Islands,maternal_mortality_ratio,,,,,,,,,,,,,,,,,,,,,,,,,,,,,,,,,,,,,,,,,,,,,,,,,,,,,,,,,,,,,,,,,,
"Micronesia, Fed. Sts.",maternal_mortality_ratio,60,70,89,63,62,57,58,53,50,46,46,46,42,66,61,64,64,63,69,65,74,,,,,,,,,,,,,,,,,,,,,,,,,,,,,,,,,,,,,,,,,,,,,
Gabon,maternal_mortality_ratio,249,243,238,223,227,239,239,238,219,212,193,188,178,194,216,212,216,218,229,225,227,,,,,,,,,,,,,,,,,,,,,,,,,,,,,,,,,,,,,,,,,,,,,
United Kingdom,maternal_mortality_ratio,11,11,11,11,11,11,11,11,11,10,10,9,8,8,8,8,9,9,9,9,10,,,,,,,,,,,,,,,,,,,,,,,,,,,,,,,,,,,,,,,,,,,,,
Georgia,maternal_mortality_ratio,53,45,44,43,50,45,44,44,42,43,41,39,36,33,29,30,25,26,26,26,28,,,,,,,,,,,,,,,,,,,,,,,,,,,,,,,,,,,,,,,,,,,,,
Ghana,maternal_mortality_ratio,499,470,443,424,420,390,365,354,354,337,337,317,305,305,286,286,258,274,273,244,263,,,,,,,,,,,,,,,,,,,,,,,,,,,,,,,,,,,,,,,,,,,,,
Gibraltar,maternal_mortality_ratio,,,,,,,,,,,,,,,,,,,,,,,,,,,,,,,,,,,,,,,,,,,,,,,,,,,,,,,,,,,,,,,,,,
Guinea,maternal_mortality_ratio,971,943,929,916,887,846,817,764,737,744,741,744,679,677,661,649,626,572,568,556,553,,,,,,,,,,,,,,,,,,,,,,,,,,,,,,,,,,,,,,,,,,,,,
"Gambia, The",maternal_mortality_ratio,778,748,772,770,745,718,689,698,667,647,620,597,575,598,543,535,505,494,512,474,458,,,,,,,,,,,,,,,,,,,,,,,,,,,,,,,,,,,,,,,,,,,,,
Guinea-Bissau,maternal_mortality_ratio,1300,1203,1136,1100,1008,977,875,845,841,804,795,767,758,742,733,713,673,705,648,710,725,,,,,,,,,,,,,,,,,,,,,,,,,,,,,,,,,,,,,,,,,,,,,
Equatorial Guinea,maternal_mortality_ratio,427,390,351,317,286,258,241,234,231,230,211,194,179,187,207,201,182,197,219,216,212,,,,,,,,,,,,,,,,,,,,,,,,,,,,,,,,,,,,,,,,,,,,,
Greece,maternal_mortality_ratio,4,4,4,4,3,3,3,3,3,3,3,4,4,4,5,5,5,6,6,6,8,,,,,,,,,,,,,,,,,,,,,,,,,,,,,,,,,,,,,,,,,,,,,
Grenada,maternal_mortality_ratio,42,40,36,34,41,32,30,29,29,27,27,27,26,25,24,23,23,24,21,20,21,,,,,,,,,,,,,,,,,,,,,,,,,,,,,,,,,,,,,,,,,,,,,
Greenland,maternal_mortality_ratio,,,,,,,,,,,,,,,,,,,,,,,,,,,,,,,,,,,,,,,,,,,,,,,,,,,,,,,,,,,,,,,,,,
Guatemala,maternal_mortality_ratio,152,140,143,145,140,149,135,136,136,125,123,120,118,109,107,107,103,95,98,100,96,,,,,,,,,,,,,,,,,,,,,,,,,,,,,,,,,,,,,,,,,,,,,
Guam,maternal_mortality_ratio,,,,,,,,,,,,,,,,,,,,,,,,,,,,,,,,,,,,,,,,,,,,,,,,,,,,,,,,,,,,,,,,,,
Guyana,maternal_mortality_ratio,190,190,173,180,172,172,177,168,150,145,148,142,136,133,131,128,127,123,118,110,112,,,,,,,,,,,,,,,,,,,,,,,,,,,,,,,,,,,,,,,,,,,,,
High income,maternal_mortality_ratio,13,13,13,13,12,12,11,11,11,12,11,11,11,11,11,11,11,12,12,12,12,,,,,,,,,,,,,,,,,,,,,,,,,,,,,,,,,,,,,,,,,,,,,
"Hong Kong SAR, China",maternal_mortality_ratio,,,,,,,,,,,,,,,,,,,,,,,,,,,,,,,,,,,,,,,,,,,,,,,,,,,,,,,,,,,,,,,,,,
Honduras,maternal_mortality_ratio,82,77,73,77,72,75,77,77,81,73,73,72,65,65,68,67,62,64,65,67,72,,,,,,,,,,,,,,,,,,,,,,,,,,,,,,,,,,,,,,,,,,,,,
Heavily indebted poor countries (HIPC),maternal_mortality_ratio,744,722,710,684,662,643,618,606,593,574,554,534,509,491,472,456,435,423,408,396,390,,,,,,,,,,,,,,,,,,,,,,,,,,,,,,,,,,,,,,,,,,,,,
Croatia,maternal_mortality_ratio,11,11,11,11,10,9,9,9,8,9,7,7,6,6,6,6,5,5,5,5,5,,,,,,,,,,,,,,,,,,,,,,,,,,,,,,,,,,,,,,,,,,,,,
Haiti,maternal_mortality_ratio,400,417,389,373,429,363,343,366,383,394,403,424,384,392,389,391,388,351,359,349,350,,,,,,,,,,,,,,,,,,,,,,,,,,,,,,,,,,,,,,,,,,,,,
Hungary,maternal_mortality_ratio,15,14,14,14,13,13,13,14,14,14,15,16,15,15,15,15,14,14,15,14,15,,,,,,,,,,,,,,,,,,,,,,,,,,,,,,,,,,,,,,,,,,,,,
IBRD only,maternal_mortality_ratio,209,203,187,177,172,163,145,138,131,123,110,107,98,94,85,84,80,78,78,77,77,,,,,,,,,,,,,,,,,,,,,,,,,,,,,,,,,,,,,,,,,,,,,
IDA & IBRD total,maternal_mortality_ratio,368,362,349,337,329,320,303,297,291,283,272,264,253,250,244,240,235,232,234,234,231,,,,,,,,,,,,,,,,,,,,,,,,,,,,,,,,,,,,,,,,,,,,,
IDA total,maternal_mortality_ratio,667,652,638,619,603,589,571,565,559,548,538,518,504,497,493,478,470,461,453,444,425,,,,,,,,,,,,,,,,,,,,,,,,,,,,,,,,,,,,,,,,,,,,,
IDA blend,maternal_mortality_ratio,691,685,668,657,650,637,625,622,626,626,629,602,608,615,628,609,620,616,621,618,579,,,,,,,,,,,,,,,,,,,,,,,,,,,,,,,,,,,,,,,,,,,,,
Indonesia,maternal_mortality_ratio,299,284,286,269,284,276,254,251,256,241,219,236,207,194,194,194,194,194,181,158,173,,,,,,,,,,,,,,,,,,,,,,,,,,,,,,,,,,,,,,,,,,,,,
IDA only,maternal_mortality_ratio,654,635,623,599,579,564,543,535,524,507,489,474,449,434,421,409,392,380,366,355,346,,,,,,,,,,,,,,,,,,,,,,,,,,,,,,,,,,,,,,,,,,,,,
Isle of Man,maternal_mortality_ratio,,,,,,,,,,,,,,,,,,,,,,,,,,,,,,,,,,,,,,,,,,,,,,,,,,,,,,,,,,,,,,,,,,
India,maternal_mortality_ratio,384,371,329,315,301,286,248,234,221,207,179,170,162,154,135,128,121,119,116,116,103,,,,,,,,,,,,,,,,,,,,,,,,,,,,,,,,,,,,,,,,,,,,,
Not classified,maternal_mortality_ratio,,,,,,,,,,,,,,,,,,,,,,,,,,,,,,,,,,,,,,,,,,,,,,,,,,,,,,,,,,,,,,,,,,
Ireland,maternal_mortality_ratio,10,9,8,7,8,9,8,7,8,7,7,7,7,6,6,6,5,6,5,6,5,,,,,,,,,,,,,,,,,,,,,,,,,,,,,,,,,,,,,,,,,,,,,
"Iran, Islamic Rep.",maternal_mortality_ratio,44,42,41,41,38,30,30,29,33,37,32,26,23,23,21,20,20,18,17,21,22,,,,,,,,,,,,,,,,,,,,,,,,,,,,,,,,,,,,,,,,,,,,,
Iraq,maternal_mortality_ratio,117,115,112,118,118,116,122,128,131,126,115,111,111,110,98,102,85,78,72,73,76,,,,,,,,,,,,,,,,,,,,,,,,,,,,,,,,,,,,,,,,,,,,,
Iceland,maternal_mortality_ratio,5,4,4,5,4,4,4,4,3,3,3,3,3,4,3,3,3,3,3,3,3,,,,,,,,,,,,,,,,,,,,,,,,,,,,,,,,,,,,,,,,,,,,,
Israel,maternal_mortality_ratio,9,7,6,5,4,4,4,4,3,3,3,3,3,3,3,3,3,3,3,3,3,,,,,,,,,,,,,,,,,,,,,,,,,,,,,,,,,,,,,,,,,,,,,
Italy,maternal_mortality_ratio,10,10,9,9,8,8,7,7,7,7,7,7,7,7,6,7,6,6,5,5,5,,,,,,,,,,,,,,,,,,,,,,,,,,,,,,,,,,,,,,,,,,,,,
Jamaica,maternal_mortality_ratio,83,87,87,86,82,86,94,92,96,95,88,80,83,90,101,97,98,101,91,93,99,,,,,,,,,,,,,,,,,,,,,,,,,,,,,,,,,,,,,,,,,,,,,
Jordan,maternal_mortality_ratio,64,64,62,60,59,58,56,53,51,50,47,47,48,45,45,46,43,42,42,41,41,,,,,,,,,,,,,,,,,,,,,,,,,,,,,,,,,,,,,,,,,,,,,
Japan,maternal_mortality_ratio,9,8,8,8,7,7,7,6,6,6,6,5,5,5,5,5,5,5,5,4,4,,,,,,,,,,,,,,,,,,,,,,,,,,,,,,,,,,,,,,,,,,,,,
Kazakhstan,maternal_mortality_ratio,56,52,49,42,36,36,31,28,26,23,20,17,14,13,13,13,13,13,14,14,13,,,,,,,,,,,,,,,,,,,,,,,,,,,,,,,,,,,,,,,,,,,,,
Kenya,maternal_mortality_ratio,564,567,536,525,504,503,493,494,484,464,476,473,477,516,507,483,505,490,512,503,530,,,,,,,,,,,,,,,,,,,,,,,,,,,,,,,,,,,,,,,,,,,,,
Kyrgyz Republic,maternal_mortality_ratio,87,86,85,84,85,83,78,84,78,71,72,66,62,66,60,61,53,53,54,47,50,,,,,,,,,,,,,,,,,,,,,,,,,,,,,,,,,,,,,,,,,,,,,
Cambodia,maternal_mortality_ratio,606,574,497,464,447,382,350,327,309,277,276,252,246,229,228,209,197,204,209,214,218,,,,,,,,,,,,,,,,,,,,,,,,,,,,,,,,,,,,,,,,,,,,,
Kiribati,maternal_mortality_ratio,116,118,113,114,116,118,116,118,128,127,131,129,131,119,120,121,117,112,110,108,76,,,,,,,,,,,,,,,,,,,,,,,,,,,,,,,,,,,,,,,,,,,,,
St. Kitts and Nevis,maternal_mortality_ratio,,,,,,,,,,,,,,,,,,,,,,,,,,,,,,,,,,,,,,,,,,,,,,,,,,,,,,,,,,,,,,,,,,
"Korea, Rep.",maternal_mortality_ratio,16,15,17,13,13,12,11,10,9,9,8,10,9,7,6,6,6,6,6,6,8,,,,,,,,,,,,,,,,,,,,,,,,,,,,,,,,,,,,,,,,,,,,,
Kuwait,maternal_mortality_ratio,10,10,10,10,10,10,10,9,10,10,9,8,7,7,7,7,6,6,7,7,7,,,,,,,,,,,,,,,,,,,,,,,,,,,,,,,,,,,,,,,,,,,,,
Latin America & Caribbean (excluding high income),maternal_mortality_ratio,92,90,90,87,88,86,84,85,84,80,78,77,73,74,73,74,73,72,72,74,79,,,,,,,,,,,,,,,,,,,,,,,,,,,,,,,,,,,,,,,,,,,,,
Lao PDR,maternal_mortality_ratio,579,562,530,509,471,442,417,366,361,330,284,271,246,234,189,184,167,166,165,153,126,,,,,,,,,,,,,,,,,,,,,,,,,,,,,,,,,,,,,,,,,,,,,
Lebanon,maternal_mortality_ratio,32,27,25,25,25,25,21,20,19,19,18,20,20,20,20,19,19,19,18,20,21,,,,,,,,,,,,,,,,,,,,,,,,,,,,,,,,,,,,,,,,,,,,,
Liberia,maternal_mortality_ratio,777,747,758,805,700,676,664,663,632,638,634,644,644,632,776,686,628,661,684,668,652,,,,,,,,,,,,,,,,,,,,,,,,,,,,,,,,,,,,,,,,,,,,,
Libya,maternal_mortality_ratio,57,57,56,52,49,50,52,54,51,56,57,62,66,70,67,71,74,67,69,72,72,,,,,,,,,,,,,,,,,,,,,,,,,,,,,,,,,,,,,,,,,,,,,
St. Lucia,maternal_mortality_ratio,87,80,67,67,83,82,79,80,80,80,73,74,75,74,72,80,64,64,61,72,73,,,,,,,,,,,,,,,,,,,,,,,,,,,,,,,,,,,,,,,,,,,,,
Latin America & Caribbean,maternal_mortality_ratio,90,90,89,86,87,85,83,84,84,80,79,78,74,75,74,75,76,76,77,78,88,,,,,,,,,,,,,,,,,,,,,,,,,,,,,,,,,,,,,,,,,,,,,
Least developed countries: UN classification,maternal_mortality_ratio,706,684,669,641,616,600,576,566,554,533,513,496,468,451,437,423,404,391,374,363,354,,,,,,,,,,,,,,,,,,,,,,,,,,,,,,,,,,,,,,,,,,,,,
Low income,maternal_mortality_ratio,770,750,741,708,684,665,636,618,596,576,560,542,521,505,490,478,459,445,427,416,409,,,,,,,,,,,,,,,,,,,,,,,,,,,,,,,,,,,,,,,,,,,,,
Liechtenstein,maternal_mortality_ratio,,,,,,,,,,,,,,,,,,,,,,,,,,,,,,,,,,,,,,,,,,,,,,,,,,,,,,,,,,,,,,,,,,
Sri Lanka,maternal_mortality_ratio,61,55,52,50,48,44,41,39,40,39,37,36,35,33,30,30,30,31,30,30,29,,,,,,,,,,,,,,,,,,,,,,,,,,,,,,,,,,,,,,,,,,,,,
Lower middle income,maternal_mortality_ratio,437,426,400,389,377,365,345,339,335,327,312,300,292,288,283,273,272,269,269,269,253,,,,,,,,,,,,,,,,,,,,,,,,,,,,,,,,,,,,,,,,,,,,,
Low & middle income,maternal_mortality_ratio,371,365,351,340,332,322,306,300,294,285,275,266,254,251,245,241,236,233,235,235,232,,,,,,,,,,,,,,,,,,,,,,,,,,,,,,,,,,,,,,,,,,,,,
Lesotho,maternal_mortality_ratio,545,575,590,610,555,563,632,703,874,1096,1040,1038,963,834,784,728,668,640,599,629,566,,,,,,,,,,,,,,,,,,,,,,,,,,,,,,,,,,,,,,,,,,,,,
Late-demographic dividend,maternal_mortality_ratio,65,62,61,53,55,52,50,47,45,42,40,38,35,35,33,33,31,30,29,30,34,,,,,,,,,,,,,,,,,,,,,,,,,,,,,,,,,,,,,,,,,,,,,
Lithuania,maternal_mortality_ratio,18,18,14,13,12,11,13,12,11,10,10,9,8,8,9,8,8,8,8,7,9,,,,,,,,,,,,,,,,,,,,,,,,,,,,,,,,,,,,,,,,,,,,,
Luxembourg,maternal_mortality_ratio,9,11,11,12,10,11,11,9,10,8,8,7,8,8,6,7,6,7,7,6,6,,,,,,,,,,,,,,,,,,,,,,,,,,,,,,,,,,,,,,,,,,,,,
Latvia,maternal_mortality_ratio,32,32,28,34,31,28,26,25,22,23,25,24,23,21,22,22,21,22,23,22,18,,,,,,,,,,,,,,,,,,,,,,,,,,,,,,,,,,,,,,,,,,,,,
"Macao SAR, China",maternal_mortality_ratio,,,,,,,,,,,,,,,,,,,,,,,,,,,,,,,,,,,,,,,,,,,,,,,,,,,,,,,,,,,,,,,,,,
St. Martin (French part),maternal_mortality_ratio,,,,,,,,,,,,,,,,,,,,,,,,,,,,,,,,,,,,,,,,,,,,,,,,,,,,,,,,,,,,,,,,,,
Morocco,maternal_mortality_ratio,244,237,227,217,209,194,179,167,156,144,134,122,113,106,102,97,85,80,78,76,72,,,,,,,,,,,,,,,,,,,,,,,,,,,,,,,,,,,,,,,,,,,,,
Monaco,maternal_mortality_ratio,,,,,,,,,,,,,,,,,,,,,,,,,,,,,,,,,,,,,,,,,,,,,,,,,,,,,,,,,,,,,,,,,,
Moldova,maternal_mortality_ratio,49,44,40,34,28,30,27,23,21,19,18,18,18,17,18,17,15,15,14,12,12,,,,,,,,,,,,,,,,,,,,,,,,,,,,,,,,,,,,,,,,,,,,,
Madagascar,maternal_mortality_ratio,658,627,637,626,598,568,537,521,526,507,497,484,476,455,467,482,447,423,423,398,392,,,,,,,,,,,,,,,,,,,,,,,,,,,,,,,,,,,,,,,,,,,,,
Maldives,maternal_mortality_ratio,114,96,84,80,79,79,77,66,69,68,60,60,52,49,56,57,51,46,49,50,57,,,,,,,,,,,,,,,,,,,,,,,,,,,,,,,,,,,,,,,,,,,,,
Middle East & North Africa,maternal_mortality_ratio,108,104,99,95,91,86,82,77,75,72,68,65,63,60,58,59,57,56,54,56,56,,,,,,,,,,,,,,,,,,,,,,,,,,,,,,,,,,,,,,,,,,,,,
Mexico,maternal_mortality_ratio,57,57,57,52,53,53,54,56,57,51,51,50,49,49,50,52,49,52,56,58,59,,,,,,,,,,,,,,,,,,,,,,,,,,,,,,,,,,,,,,,,,,,,,
Marshall Islands,maternal_mortality_ratio,,,,,,,,,,,,,,,,,,,,,,,,,,,,,,,,,,,,,,,,,,,,,,,,,,,,,,,,,,,,,,,,,,
Middle income,maternal_mortality_ratio,308,303,288,278,272,263,247,243,239,232,222,214,204,203,198,194,191,190,194,194,190,,,,,,,,,,,,,,,,,,,,,,,,,,,,,,,,,,,,,,,,,,,,,
North Macedonia,maternal_mortality_ratio,12,12,11,10,9,9,8,8,7,7,6,5,5,4,5,5,3,3,3,3,3,,,,,,,,,,,,,,,,,,,,,,,,,,,,,,,,,,,,,,,,,,,,,
Mali,maternal_mortality_ratio,742,684,621,586,563,560,549,571,586,553,547,547,555,544,519,494,470,453,440,428,440,,,,,,,,,,,,,,,,,,,,,,,,,,,,,,,,,,,,,,,,,,,,,
Malta,maternal_mortality_ratio,10,9,10,9,8,8,7,7,7,6,5,6,5,4,4,4,3,4,4,4,3,,,,,,,,,,,,,,,,,,,,,,,,,,,,,,,,,,,,,,,,,,,,,
Myanmar,maternal_mortality_ratio,371,323,319,316,326,321,332,318,290,280,293,279,285,268,262,243,242,238,215,213,179,,,,,,,,,,,,,,,,,,,,,,,,,,,,,,,,,,,,,,,,,,,,,
Middle East & North Africa (excluding high income),maternal_mortality_ratio,118,113,108,104,99,93,89,83,81,78,74,70,67,65,61,62,60,59,57,58,59,,,,,,,,,,,,,,,,,,,,,,,,,,,,,,,,,,,,,,,,,,,,,
Montenegro,maternal_mortality_ratio,11,9,9,9,9,10,9,8,8,8,7,7,7,6,6,6,6,5,5,6,6,,,,,,,,,,,,,,,,,,,,,,,,,,,,,,,,,,,,,,,,,,,,,
Mongolia,maternal_mortality_ratio,158,144,136,109,101,94,94,80,79,70,65,61,58,52,49,47,47,48,42,40,39,,,,,,,,,,,,,,,,,,,,,,,,,,,,,,,,,,,,,,,,,,,,,
Northern Mariana Islands,maternal_mortality_ratio,,,,,,,,,,,,,,,,,,,,,,,,,,,,,,,,,,,,,,,,,,,,,,,,,,,,,,,,,,,,,,,,,,
Mozambique,maternal_mortality_ratio,532,501,461,442,420,404,390,379,374,355,322,296,271,241,241,226,194,177,160,150,127,,,,,,,,,,,,,,,,,,,,,,,,,,,,,,,,,,,,,,,,,,,,,
Mauritania,maternal_mortality_ratio,684,658,671,678,657,652,654,638,634,590,586,566,558,534,536,510,480,458,461,431,464,,,,,,,,,,,,,,,,,,,,,,,,,,,,,,,,,,,,,,,,,,,,,
Mauritius,maternal_mortality_ratio,52,50,48,47,46,48,43,43,45,49,55,42,47,48,51,57,52,46,50,49,84,,,,,,,,,,,,,,,,,,,,,,,,,,,,,,,,,,,,,,,,,,,,,
Malawi,maternal_mortality_ratio,573,531,490,445,386,347,326,352,420,476,513,496,502,473,442,445,430,375,392,370,381,,,,,,,,,,,,,,,,,,,,,,,,,,,,,,,,,,,,,,,,,,,,,
Malaysia,maternal_mortality_ratio,40,36,36,32,33,32,32,28,30,30,25,24,24,23,23,22,22,22,22,22,21,,,,,,,,,,,,,,,,,,,,,,,,,,,,,,,,,,,,,,,,,,,,,
North America,maternal_mortality_ratio,12,12,13,13,13,13,13,13,14,15,14,15,15,16,16,17,18,19,19,19,20,,,,,,,,,,,,,,,,,,,,,,,,,,,,,,,,,,,,,,,,,,,,,
Namibia,maternal_mortality_ratio,450,450,447,451,402,419,420,427,433,459,482,414,362,334,306,299,246,228,218,223,215,,,,,,,,,,,,,,,,,,,,,,,,,,,,,,,,,,,,,,,,,,,,,
New Caledonia,maternal_mortality_ratio,,,,,,,,,,,,,,,,,,,,,,,,,,,,,,,,,,,,,,,,,,,,,,,,,,,,,,,,,,,,,,,,,,
Niger,maternal_mortality_ratio,867,878,871,863,801,768,735,704,673,644,594,576,561,536,513,491,468,433,432,410,441,,,,,,,,,,,,,,,,,,,,,,,,,,,,,,,,,,,,,,,,,,,,,
Nigeria,maternal_mortality_ratio,1148,1127,1112,1084,1088,1073,1071,1081,1099,1101,1123,1070,1087,1109,1135,1113,1129,1127,1135,1122,1047,,,,,,,,,,,,,,,,,,,,,,,,,,,,,,,,,,,,,,,,,,,,,
Nicaragua,maternal_mortality_ratio,169,174,164,166,166,158,135,125,112,104,98,95,92,91,81,79,77,76,74,75,78,,,,,,,,,,,,,,,,,,,,,,,,,,,,,,,,,,,,,,,,,,,,,
Netherlands,maternal_mortality_ratio,13,13,13,12,11,10,9,8,8,7,6,6,6,6,5,5,5,5,4,4,4,,,,,,,,,,,,,,,,,,,,,,,,,,,,,,,,,,,,,,,,,,,,,
Norway,maternal_mortality_ratio,6,5,5,5,6,6,5,5,5,4,4,4,3,3,3,2,2,2,2,2,2,,,,,,,,,,,,,,,,,,,,,,,,,,,,,,,,,,,,,,,,,,,,,
Nepal,maternal_mortality_ratio,504,484,466,438,392,380,358,355,344,338,349,295,288,261,253,252,224,223,201,182,174,,,,,,,,,,,,,,,,,,,,,,,,,,,,,,,,,,,,,,,,,,,,,
Nauru,maternal_mortality_ratio,,,,,,,,,,,,,,,,,,,,,,,,,,,,,,,,,,,,,,,,,,,,,,,,,,,,,,,,,,,,,,,,,,
New Zealand,maternal_mortality_ratio,11,11,10,10,12,10,11,10,10,10,10,10,10,8,8,9,8,7,8,7,7,,,,,,,,,,,,,,,,,,,,,,,,,,,,,,,,,,,,,,,,,,,,,
OECD members,maternal_mortality_ratio,23,24,23,22,22,21,21,21,20,20,19,20,19,19,19,20,19,20,20,21,22,,,,,,,,,,,,,,,,,,,,,,,,,,,,,,,,,,,,,,,,,,,,,
Oman,maternal_mortality_ratio,20,20,22,20,20,20,21,22,21,21,18,17,17,16,16,15,15,15,16,16,17,,,,,,,,,,,,,,,,,,,,,,,,,,,,,,,,,,,,,,,,,,,,,
Other small states,maternal_mortality_ratio,472,460,451,446,421,414,403,402,412,421,400,389,373,348,333,320,291,284,284,283,282,,,,,,,,,,,,,,,,,,,,,,,,,,,,,,,,,,,,,,,,,,,,,
Pakistan,maternal_mortality_ratio,387,373,359,349,334,301,270,253,241,243,230,217,216,206,210,187,188,177,178,179,154,,,,,,,,,,,,,,,,,,,,,,,,,,,,,,,,,,,,,,,,,,,,,
Panama,maternal_mortality_ratio,66,64,62,62,59,53,54,54,53,54,55,54,53,52,50,49,49,49,47,51,50,,,,,,,,,,,,,,,,,,,,,,,,,,,,,,,,,,,,,,,,,,,,,
Peru,maternal_mortality_ratio,113,106,102,98,101,97,90,87,84,80,76,73,72,71,65,65,62,61,63,72,69,,,,,,,,,,,,,,,,,,,,,,,,,,,,,,,,,,,,,,,,,,,,,
Philippines,maternal_mortality_ratio,129,136,126,125,125,122,121,117,107,105,105,108,104,103,89,88,86,84,82,81,78,,,,,,,,,,,,,,,,,,,,,,,,,,,,,,,,,,,,,,,,,,,,,
Palau,maternal_mortality_ratio,,,,,,,,,,,,,,,,,,,,,,,,,,,,,,,,,,,,,,,,,,,,,,,,,,,,,,,,,,,,,,,,,,
Papua New Guinea,maternal_mortality_ratio,312,316,325,329,310,314,323,336,292,289,289,262,255,233,229,208,209,210,199,190,192,,,,,,,,,,,,,,,,,,,,,,,,,,,,,,,,,,,,,,,,,,,,,
Poland,maternal_mortality_ratio,8,7,6,6,5,5,4,4,3,3,3,3,2,2,2,2,2,2,2,2,2,,,,,,,,,,,,,,,,,,,,,,,,,,,,,,,,,,,,,,,,,,,,,
Pre-demographic dividend,maternal_mortality_ratio,813,790,775,749,729,712,698,692,692,679,670,645,635,630,626,611,604,590,583,571,553,,,,,,,,,,,,,,,,,,,,,,,,,,,,,,,,,,,,,,,,,,,,,
Puerto Rico,maternal_mortality_ratio,22,22,23,20,20,20,20,21,22,22,21,21,18,18,18,18,18,16,18,21,34,,,,,,,,,,,,,,,,,,,,,,,,,,,,,,,,,,,,,,,,,,,,,
"Korea, Dem. People's Rep.",maternal_mortality_ratio,186,172,188,123,131,122,131,138,139,131,130,120,108,96,85,108,109,108,107,106,107,,,,,,,,,,,,,,,,,,,,,,,,,,,,,,,,,,,,,,,,,,,,,
Portugal,maternal_mortality_ratio,11,9,9,9,9,9,9,9,9,10,10,9,10,9,9,10,11,11,11,11,12,,,,,,,,,,,,,,,,,,,,,,,,,,,,,,,,,,,,,,,,,,,,,
Paraguay,maternal_mortality_ratio,148,147,132,130,127,127,114,110,107,104,100,99,85,81,77,80,69,69,70,70,71,,,,,,,,,,,,,,,,,,,,,,,,,,,,,,,,,,,,,,,,,,,,,
West Bank and Gaza,maternal_mortality_ratio,62,64,64,60,60,54,54,51,50,47,43,41,36,32,30,26,24,22,21,20,20,,,,,,,,,,,,,,,,,,,,,,,,,,,,,,,,,,,,,,,,,,,,,
Pacific island small states,maternal_mortality_ratio,91,92,92,91,91,89,88,90,88,87,88,87,86,87,88,88,86,85,84,87,83,,,,,,,,,,,,,,,,,,,,,,,,,,,,,,,,,,,,,,,,,,,,,
Post-demographic dividend,maternal_mortality_ratio,12,12,12,11,11,11,11,11,11,11,10,11,11,11,11,11,11,11,12,12,12,,,,,,,,,,,,,,,,,,,,,,,,,,,,,,,,,,,,,,,,,,,,,
French Polynesia,maternal_mortality_ratio,,,,,,,,,,,,,,,,,,,,,,,,,,,,,,,,,,,,,,,,,,,,,,,,,,,,,,,,,,,,,,,,,,
Qatar,maternal_mortality_ratio,28,23,25,24,23,19,15,14,12,11,10,10,10,9,7,7,7,6,6,7,8,,,,,,,,,,,,,,,,,,,,,,,,,,,,,,,,,,,,,,,,,,,,,
Romania,maternal_mortality_ratio,50,48,47,48,46,37,31,26,23,21,22,19,18,17,15,15,16,13,11,10,10,,,,,,,,,,,,,,,,,,,,,,,,,,,,,,,,,,,,,,,,,,,,,
Russian Federation,maternal_mortality_ratio,52,44,48,42,35,31,27,22,19,19,17,14,12,11,10,10,8,9,9,7,14,,,,,,,,,,,,,,,,,,,,,,,,,,,,,,,,,,,,,,,,,,,,,
Rwanda,maternal_mortality_ratio,1007,895,818,715,599,533,483,465,432,401,386,368,328,323,307,312,292,275,281,281,259,,,,,,,,,,,,,,,,,,,,,,,,,,,,,,,,,,,,,,,,,,,,,
South Asia,maternal_mortality_ratio,417,402,367,355,338,323,287,276,261,248,224,214,203,194,181,172,165,159,156,155,138,,,,,,,,,,,,,,,,,,,,,,,,,,,,,,,,,,,,,,,,,,,,,
Saudi Arabia,maternal_mortality_ratio,22,21,21,20,18,17,17,17,16,17,15,15,15,14,15,16,16,16,17,18,16,,,,,,,,,,,,,,,,,,,,,,,,,,,,,,,,,,,,,,,,,,,,,
Sudan,maternal_mortality_ratio,642,636,624,598,564,525,499,443,450,394,383,354,330,323,301,298,301,290,293,298,270,,,,,,,,,,,,,,,,,,,,,,,,,,,,,,,,,,,,,,,,,,,,,
Senegal,maternal_mortality_ratio,638,596,598,565,550,519,490,477,491,471,450,417,394,353,346,321,280,278,277,258,261,,,,,,,,,,,,,,,,,,,,,,,,,,,,,,,,,,,,,,,,,,,,,
Singapore,maternal_mortality_ratio,15,16,14,14,14,13,12,11,11,8,8,8,8,7,8,8,7,7,7,6,7,,,,,,,,,,,,,,,,,,,,,,,,,,,,,,,,,,,,,,,,,,,,,
Solomon Islands,maternal_mortality_ratio,150,157,152,157,159,153,147,155,152,146,147,141,142,138,140,141,133,133,127,127,122,,,,,,,,,,,,,,,,,,,,,,,,,,,,,,,,,,,,,,,,,,,,,
Sierra Leone,maternal_mortality_ratio,1682,1610,1493,1451,1367,1327,1225,1125,973,901,837,728,667,632,618,588,505,520,460,435,443,,,,,,,,,,,,,,,,,,,,,,,,,,,,,,,,,,,,,,,,,,,,,
El Salvador,maternal_mortality_ratio,49,47,39,39,35,35,36,37,34,36,36,37,38,39,41,44,42,45,45,39,43,,,,,,,,,,,,,,,,,,,,,,,,,,,,,,,,,,,,,,,,,,,,,
San Marino,maternal_mortality_ratio,,,,,,,,,,,,,,,,,,,,,,,,,,,,,,,,,,,,,,,,,,,,,,,,,,,,,,,,,,,,,,,,,,
Somalia,maternal_mortality_ratio,1097,1084,1087,1094,1102,1080,1068,1062,1015,951,963,940,863,828,793,761,711,683,651,606,621,,,,,,,,,,,,,,,,,,,,,,,,,,,,,,,,,,,,,,,,,,,,,
Serbia,maternal_mortality_ratio,18,15,15,14,15,16,16,15,15,15,14,14,13,13,13,13,12,12,11,10,10,,,,,,,,,,,,,,,,,,,,,,,,,,,,,,,,,,,,,,,,,,,,,
Sub-Saharan Africa (excluding high income),maternal_mortality_ratio,792,777,763,736,719,702,683,676,672,660,648,622,606,598,589,571,561,550,540,528,511,,,,,,,,,,,,,,,,,,,,,,,,,,,,,,,,,,,,,,,,,,,,,
South Sudan,maternal_mortality_ratio,1687,1654,1668,1404,1372,1332,1301,1187,1138,1118,1060,1062,1067,1131,1172,1225,1288,1252,1275,1245,1223,,,,,,,,,,,,,,,,,,,,,,,,,,,,,,,,,,,,,,,,,,,,,
Sub-Saharan Africa,maternal_mortality_ratio,802,788,773,745,728,711,692,684,681,669,658,633,618,611,605,587,579,570,562,552,536,,,,,,,,,,,,,,,,,,,,,,,,,,,,,,,,,,,,,,,,,,,,,
Small states,maternal_mortality_ratio,386,377,370,367,348,343,335,337,344,351,336,328,315,296,285,274,251,246,245,246,245,,,,,,,,,,,,,,,,,,,,,,,,,,,,,,,,,,,,,,,,,,,,,
Sao Tome and Principe,maternal_mortality_ratio,179,182,170,166,159,160,162,149,150,157,160,183,160,158,144,139,164,144,149,142,146,,,,,,,,,,,,,,,,,,,,,,,,,,,,,,,,,,,,,,,,,,,,,
Suriname,maternal_mortality_ratio,278,274,260,250,229,190,192,181,169,153,138,131,131,133,135,125,105,99,98,100,96,,,,,,,,,,,,,,,,,,,,,,,,,,,,,,,,,,,,,,,,,,,,,
Slovak Republic,maternal_mortality_ratio,9,9,9,8,8,7,7,7,6,5,5,5,5,5,5,5,5,5,5,5,5,,,,,,,,,,,,,,,,,,,,,,,,,,,,,,,,,,,,,,,,,,,,,
Slovenia,maternal_mortality_ratio,12,9,8,9,10,9,8,7,6,7,6,6,6,5,5,5,5,4,4,3,5,,,,,,,,,,,,,,,,,,,,,,,,,,,,,,,,,,,,,,,,,,,,,
Sweden,maternal_mortality_ratio,6,6,6,6,5,5,5,5,5,5,5,5,5,5,5,4,4,5,5,5,5,,,,,,,,,,,,,,,,,,,,,,,,,,,,,,,,,,,,,,,,,,,,,
Eswatini,maternal_mortality_ratio,588,600,607,660,663,678,644,664,691,783,672,627,599,512,426,338,275,237,218,228,240,,,,,,,,,,,,,,,,,,,,,,,,,,,,,,,,,,,,,,,,,,,,,
Sint Maarten (Dutch part),maternal_mortality_ratio,,,,,,,,,,,,,,,,,,,,,,,,,,,,,,,,,,,,,,,,,,,,,,,,,,,,,,,,,,,,,,,,,,
Seychelles,maternal_mortality_ratio,44,38,35,34,31,15,14,13,11,10,8,8,7,6,5,5,5,5,4,3,3,,,,,,,,,,,,,,,,,,,,,,,,,,,,,,,,,,,,,,,,,,,,,
Syrian Arab Republic,maternal_mortality_ratio,34,29,26,24,25,23,21,21,22,20,21,24,26,29,29,30,29,31,31,33,30,,,,,,,,,,,,,,,,,,,,,,,,,,,,,,,,,,,,,,,,,,,,,
Turks and Caicos Islands,maternal_mortality_ratio,,,,,,,,,,,,,,,,,,,,,,,,,,,,,,,,,,,,,,,,,,,,,,,,,,,,,,,,,,,,,,,,,,
Chad,maternal_mortality_ratio,1366,1343,1291,1255,1229,1241,1255,1264,1245,1311,1303,1284,1237,1217,1142,1125,1145,1095,1076,1047,1063,,,,,,,,,,,,,,,,,,,,,,,,,,,,,,,,,,,,,,,,,,,,,
East Asia & Pacific (IDA & IBRD countries),maternal_mortality_ratio,127,123,120,110,115,110,104,100,97,90,86,88,78,75,71,72,68,67,67,64,71,,,,,,,,,,,,,,,,,,,,,,,,,,,,,,,,,,,,,,,,,,,,,
Europe & Central Asia (IDA & IBRD countries),maternal_mortality_ratio,40,37,37,34,31,30,27,25,23,22,21,20,18,18,16,16,15,15,15,15,17,,,,,,,,,,,,,,,,,,,,,,,,,,,,,,,,,,,,,,,,,,,,,
Togo,maternal_mortality_ratio,479,479,461,458,490,494,517,515,528,518,530,500,511,493,491,441,439,425,435,418,399,,,,,,,,,,,,,,,,,,,,,,,,,,,,,,,,,,,,,,,,,,,,,
Thailand,maternal_mortality_ratio,48,48,40,40,42,40,38,38,37,37,35,34,32,31,31,30,29,29,29,29,29,,,,,,,,,,,,,,,,,,,,,,,,,,,,,,,,,,,,,,,,,,,,,
Tajikistan,maternal_mortality_ratio,68,60,55,49,47,44,41,39,35,31,32,29,27,24,22,20,20,18,17,16,17,,,,,,,,,,,,,,,,,,,,,,,,,,,,,,,,,,,,,,,,,,,,,
Turkmenistan,maternal_mortality_ratio,26,25,22,20,18,17,15,13,11,10,9,8,7,7,6,6,6,5,5,5,5,,,,,,,,,,,,,,,,,,,,,,,,,,,,,,,,,,,,,,,,,,,,,
Latin America & the Caribbean (IDA & IBRD countries),maternal_mortality_ratio,91,90,89,87,88,85,84,85,84,81,79,78,74,75,74,75,76,76,77,78,86,,,,,,,,,,,,,,,,,,,,,,,,,,,,,,,,,,,,,,,,,,,,,
Timor-Leste,maternal_mortality_ratio,750,736,685,650,624,584,547,486,451,416,376,358,322,309,283,285,262,256,249,224,204,,,,,,,,,,,,,,,,,,,,,,,,,,,,,,,,,,,,,,,,,,,,,
Middle East & North Africa (IDA & IBRD countries),maternal_mortality_ratio,119,114,108,104,99,94,89,84,82,78,74,71,68,65,62,63,60,59,57,59,59,,,,,,,,,,,,,,,,,,,,,,,,,,,,,,,,,,,,,,,,,,,,,
Tonga,maternal_mortality_ratio,94,95,94,94,95,95,99,97,97,103,93,93,92,93,94,86,84,84,84,125,126,,,,,,,,,,,,,,,,,,,,,,,,,,,,,,,,,,,,,,,,,,,,,
South Asia (IDA & IBRD),maternal_mortality_ratio,414,399,364,352,334,318,284,273,258,245,220,211,200,191,179,170,163,156,153,152,135,,,,,,,,,,,,,,,,,,,,,,,,,,,,,,,,,,,,,,,,,,,,,
Sub-Saharan Africa (IDA & IBRD countries),maternal_mortality_ratio,792,777,763,736,719,702,683,676,672,660,648,622,606,598,589,571,561,550,540,528,511,,,,,,,,,,,,,,,,,,,,,,,,,,,,,,,,,,,,,,,,,,,,,
Trinidad and Tobago,maternal_mortality_ratio,74,67,58,65,57,56,56,54,54,45,47,44,41,37,35,31,29,28,28,26,27,,,,,,,,,,,,,,,,,,,,,,,,,,,,,,,,,,,,,,,,,,,,,
Tunisia,maternal_mortality_ratio,62,62,61,60,58,56,55,53,50,47,44,46,43,42,41,40,38,38,39,40,37,,,,,,,,,,,,,,,,,,,,,,,,,,,,,,,,,,,,,,,,,,,,,
Turkiye,maternal_mortality_ratio,32,30,29,28,27,25,24,23,23,22,22,23,21,20,19,19,20,17,17,17,17,,,,,,,,,,,,,,,,,,,,,,,,,,,,,,,,,,,,,,,,,,,,,
Tuvalu,maternal_mortality_ratio,,,,,,,,,,,,,,,,,,,,,,,,,,,,,,,,,,,,,,,,,,,,,,,,,,,,,,,,,,,,,,,,,,
Tanzania,maternal_mortality_ratio,760,707,672,625,588,559,547,566,605,556,486,458,394,380,352,330,298,280,267,262,238,,,,,,,,,,,,,,,,,,,,,,,,,,,,,,,,,,,,,,,,,,,,,
Uganda,maternal_mortality_ratio,461,453,453,449,442,435,416,382,391,391,372,359,334,311,332,319,311,313,283,292,284,,,,,,,,,,,,,,,,,,,,,,,,,,,,,,,,,,,,,,,,,,,,,
Ukraine,maternal_mortality_ratio,36,32,28,25,22,21,23,21,19,17,17,15,17,16,12,11,10,11,11,9,17,,,,,,,,,,,,,,,,,,,,,,,,,,,,,,,,,,,,,,,,,,,,,
Upper middle income,maternal_mortality_ratio,95,92,92,85,89,87,82,80,80,75,70,71,63,61,59,60,56,55,55,54,61,,,,,,,,,,,,,,,,,,,,,,,,,,,,,,,,,,,,,,,,,,,,,
Uruguay,maternal_mortality_ratio,27,24,22,22,21,20,20,19,19,18,18,17,17,17,17,17,17,16,18,20,19,,,,,,,,,,,,,,,,,,,,,,,,,,,,,,,,,,,,,,,,,,,,,
United States,maternal_mortality_ratio,12,13,13,13,13,13,13,13,14,15,14,15,16,16,17,17,18,19,19,20,21,,,,,,,,,,,,,,,,,,,,,,,,,,,,,,,,,,,,,,,,,,,,,
Uzbekistan,maternal_mortality_ratio,43,40,41,43,42,45,44,41,38,38,38,37,36,34,32,31,30,30,31,30,30,,,,,,,,,,,,,,,,,,,,,,,,,,,,,,,,,,,,,,,,,,,,,
St. Vincent and the Grenadines,maternal_mortality_ratio,76,63,61,61,53,54,50,47,39,45,45,45,45,45,40,36,35,35,60,65,62,,,,,,,,,,,,,,,,,,,,,,,,,,,,,,,,,,,,,,,,,,,,,
"Venezuela, RB",maternal_mortality_ratio,92,107,100,109,107,95,96,97,105,110,112,118,119,124,119,126,150,175,179,177,259,,,,,,,,,,,,,,,,,,,,,,,,,,,,,,,,,,,,,,,,,,,,,
British Virgin Islands,maternal_mortality_ratio,,,,,,,,,,,,,,,,,,,,,,,,,,,,,,,,,,,,,,,,,,,,,,,,,,,,,,,,,,,,,,,,,,
Virgin Islands (U.S.),maternal_mortality_ratio,,,,,,,,,,,,,,,,,,,,,,,,,,,,,,,,,,,,,,,,,,,,,,,,,,,,,,,,,,,,,,,,,,
Viet Nam,maternal_mortality_ratio,88,76,72,70,67,66,66,64,62,61,60,58,56,54,53,52,51,52,51,50,46,,,,,,,,,,,,,,,,,,,,,,,,,,,,,,,,,,,,,,,,,,,,,
Vanuatu,maternal_mortality_ratio,109,98,96,97,97,98,97,98,86,88,93,95,87,87,92,92,94,94,97,93,94,,,,,,,,,,,,,,,,,,,,,,,,,,,,,,,,,,,,,,,,,,,,,
World,maternal_mortality_ratio,339,334,322,312,305,296,281,275,270,263,254,247,237,235,230,227,223,222,224,225,223,,,,,,,,,,,,,,,,,,,,,,,,,,,,,,,,,,,,,,,,,,,,,
Samoa,maternal_mortality_ratio,75,73,67,64,62,62,58,59,59,62,62,59,63,58,60,58,57,59,58,66,59,,,,,,,,,,,,,,,,,,,,,,,,,,,,,,,,,,,,,,,,,,,,,
Kosovo,maternal_mortality_ratio,,,,,,,,,,,,,,,,,,,,,,,,,,,,,,,,,,,,,,,,,,,,,,,,,,,,,,,,,,,,,,,,,,
"Yemen, Rep.",maternal_mortality_ratio,275,266,241,222,210,196,183,168,168,155,157,155,158,151,156,164,172,179,176,181,183,,,,,,,,,,,,,,,,,,,,,,,,,,,,,,,,,,,,,,,,,,,,,
South Africa,maternal_mortality_ratio,173,168,193,205,232,221,208,218,216,225,219,194,164,151,141,141,127,133,125,118,127,,,,,,,,,,,,,,,,,,,,,,,,,,,,,,,,,,,,,,,,,,,,,
Zambia,maternal_mortality_ratio,419,363,337,308,312,309,306,296,320,327,268,233,221,191,169,166,155,156,145,129,135,,,,,,,,,,,,,,,,,,,,,,,,,,,,,,,,,,,,,,,,,,,,,
Zimbabwe,maternal_mortality_ratio,388,589,443,534,488,533,558,656,685,670,618,562,528,495,441,408,400,366,359,393,357,,,,,,,,,,,,,,,,,,,,,,,,,,,,,,,,,,,,,,,,,,,,,
